id,ticker symbol,security,sec filings,gics sector,gics sub industry,address of headquarters,date first added,cik
"1","MMM","3M Company","reports","Industrials","Industrial Conglomerates","St. Paul, Minnesota","0000-00-00","66740"
"2","ABT","Abbott Laboratories","reports","Health Care","Health Care Equipment","North Chicago, Illinois","1964-03-31","1800"
"3","ABBV","AbbVie","reports","Health Care","Pharmaceuticals","North Chicago, Illinois","2012-12-31","1551152"
"4","ACN","Accenture plc","reports","Information Technology","IT Consulting & Other Services","Dublin, Ireland","2011-07-06","1467373"
"5","ATVI","Activision Blizzard","reports","Information Technology","Home Entertainment Software","Santa Monica, California","2015-08-31","718877"
"6","AYI","Acuity Brands Inc","reports","Industrials","Electrical Components & Equipment","Atlanta, Georgia","2016-05-03","1144215"
"7","ADBE","Adobe Systems Inc","reports","Information Technology","Application Software","San Jose, California","1997-05-05","796343"
"8","AAP","Advance Auto Parts","reports","Consumer Discretionary","Automotive Retail","Roanoke, Virginia","2015-07-09","1158449"
"9","AES","AES Corp","reports","Utilities","Independent Power Producers & Energy Traders","Arlington, Virginia","0000-00-00","874761"
"10","AET","Aetna Inc","reports","Health Care","Managed Health Care","Hartford, Connecticut","1976-06-30","1122304"
"11","AMG","Affiliated Managers Group Inc","reports","Financials","Asset Management & Custody Banks","Beverly, Massachusetts","2014-07-01","1004434"
"12","AFL","AFLAC Inc","reports","Financials","Life & Health Insurance","Columbus, Georgia","0000-00-00","4977"
"13","A","Agilent Technologies Inc","reports","Health Care","Health Care Equipment","Santa Clara, California","0000-00-00","1090872"
"14","APD","Air Products & Chemicals Inc","reports","Materials","Industrial Gases","Allentown, Pennsylvania","1985-04-30","2969"
"15","AKAM","Akamai Technologies Inc","reports","Information Technology","Internet Software & Services","Cambridge, Massachusetts","2007-07-12","1086222"
"16","ALK","Alaska Air Group Inc","reports","Industrials","Airlines","Seattle, Washington","2016-05-13","766421"
"17","ALB","Albemarle Corp","reports","Materials","Specialty Chemicals","Baton Rouge, Louisiana","2016-07-01","915913"
"18","ALXN","Alexion Pharmaceuticals","reports","Health Care","Biotechnology","Cheshire, Connecticut","2012-05-25","899866"
"19","ALLE","Allegion","reports","Industrials","Building Products","Dublin, Ireland","2013-12-02","1579241"
"20","AGN","Allergan, Plc","reports","Health Care","Pharmaceuticals","Dublin, Ireland","0000-00-00","884629"
"21","ADS","Alliance Data Systems","reports","Information Technology","Data Processing & Outsourced Services","Plano, Texas","2013-12-23","1101215"
"22","LNT","Alliant Energy Corp","reports","Utilities","Electric Utilities","Madison, Wisconsin","2016-07-01","352541"
"23","ALL","Allstate Corp","reports","Financials","Property & Casualty Insurance","Northfield Township, Illinois","0000-00-00","899051"
"24","GOOGL","Alphabet Inc Class A","reports","Information Technology","Internet Software & Services","Mountain View, California","2014-04-03","1652044"
"25","GOOG","Alphabet Inc Class C","reports","Information Technology","Internet Software & Services","Mountain View, California","0000-00-00","1652044"
"26","MO","Altria Group Inc","reports","Consumer Staples","Tobacco","Richmond, Virginia","0000-00-00","764180"
"27","AMZN","Amazon.com Inc","reports","Consumer Discretionary","Internet & Direct Marketing Retail","Seattle, Washington","2005-11-18","1018724"
"28","AEE","Ameren Corp","reports","Utilities","MultiUtilities","St. Louis, Missouri","1991-09-19","1002910"
"29","AAL","American Airlines Group","reports","Industrials","Airlines","Fort Worth, Texas","2015-03-23","6201"
"30","AEP","American Electric Power","reports","Utilities","Electric Utilities","Columbus, Ohio","0000-00-00","4904"
"31","AXP","American Express Co","reports","Financials","Consumer Finance","New York, New York","1976-06-30","4962"
"32","AIG","American International Group, Inc.","reports","Financials","Property & Casualty Insurance","New York, New York","1980-03-31","5272"
"33","AMT","American Tower Corp A","reports","Real Estate","Specialized REITs","Boston, Massachusetts","2007-11-19","1053507"
"34","AWK","American Water Works Company Inc","reports","Utilities","Water Utilities","Voorhees, New Jersey","2016-03-04","1410636"
"35","AMP","Ameriprise Financial","reports","Financials","Asset Management & Custody Banks","Minneapolis, Minnesota","0000-00-00","820027"
"36","ABC","AmerisourceBergen Corp","reports","Health Care","Health Care Distributors","Chesterbrook, Pennsylvania","0000-00-00","1140859"
"37","AME","AMETEK Inc","reports","Industrials","Electrical Components & Equipment","Berwyn, Pennsylvania","2013-09-23","1037868"
"38","AMGN","Amgen Inc","reports","Health Care","Biotechnology","Thousand Oaks, California","1992-01-02","318154"
"39","APH","Amphenol Corp","reports","Information Technology","Electronic Components","Wallingford, Connecticut","2008-09-30","820313"
"40","APC","Anadarko Petroleum Corp","reports","Energy","Oil & Gas Exploration & Production","The Woodlands, Texas","0000-00-00","773910"
"41","ADI","Analog Devices, Inc.","reports","Information Technology","Semiconductors","Norwood, Massachusetts","0000-00-00","6281"
"42","ANTM","Anthem Inc.","reports","Health Care","Managed Health Care","Indianapolis, Indiana","0000-00-00","1156039"
"43","AON","Aon plc","reports","Financials","Insurance Brokers","London, United Kingdom","0000-00-00","315293"
"44","APA","Apache Corporation","reports","Energy","Oil & Gas Exploration & Production","Houston, Texas","0000-00-00","6769"
"45","AIV","Apartment Investment & Mgmt","reports","Real Estate","REITs","Denver, Colorado","0000-00-00","922864"
"46","AAPL","Apple Inc.","reports","Information Technology","Computer Hardware","Cupertino, California","1982-11-30","320193"
"47","AMAT","Applied Materials Inc","reports","Information Technology","Semiconductor Equipment","Santa Clara, California","0000-00-00","6951"
"48","ADM","Archer-Daniels-Midland Co","reports","Consumer Staples","Agricultural Products","Decatur, Illinois","1981-07-29","7084"
"49","ARNC","Arconic Inc","reports","Industrials","Aerospace & Defense","New York, New York","1964-03-31","4281"
"50","AJG","Arthur J. Gallagher & Co.","reports","Financials","Insurance Brokers","Itasca, Illinois","2016-05-31","354190"
"51","AIZ","Assurant Inc","reports","Financials","Multi-line Insurance","New York, New York","2007-04-10","1267238"
"52","T","AT&T Inc","reports","Telecommunications Services","Integrated Telecommunications Services","Dallas, Texas","1983-11-30","732717"
"53","ADSK","Autodesk Inc","reports","Information Technology","Application Software","San Rafael, California","1989-12-01","769397"
"54","ADP","Automatic Data Processing","reports","Information Technology","Internet Software & Services","Roseland, New Jersey","1981-03-31","8670"
"55","AN","AutoNation Inc","reports","Consumer Discretionary","Specialty Stores","Fort Lauderdale, Florida","0000-00-00","350698"
"56","AZO","AutoZone Inc","reports","Consumer Discretionary","Specialty Stores","Memphis, Tennessee","0000-00-00","866787"
"57","AVB","AvalonBay Communities, Inc.","reports","Real Estate","Residential REITs","Arlington, Virginia[3]","2007-01-10","915912"
"58","AVY","Avery Dennison Corp","reports","Materials","Paper Packaging","Glendale, California","1987-12-31","8818"
"59","BHI","Baker Hughes Inc","reports","Energy","Oil & Gas Equipment & Services","Houston, Texas","0000-00-00","808362"
"60","BLL","Ball Corp","reports","Materials","Metal & Glass Containers","Broomfield, Colorado","1984-10-31","9389"
"61","BAC","Bank of America Corp","reports","Financials","Banks","Charlotte, North Carolina","1976-06-30","70858"
"62","BCR","Bard (C.R.) Inc.","reports","Health Care","Health Care Equipment","Murray Hill, New Jersey","1975-06-30","9892"
"63","BAX","Baxter International Inc.","reports","Health Care","Health Care Equipment","Deerfield, Illinois","1972-09-30","10456"
"64","BBT","BB&T Corporation","reports","Financials","Banks","Winston-Salem, North Carolina","0000-00-00","92230"
"65","BDX","Becton Dickinson","reports","Health Care","Health Care Equipment","Franklin Lakes, New Jersey","1972-09-30","10795"
"66","BBBY","Bed Bath & Beyond","reports","Consumer Discretionary","Specialty Stores","Union, New Jersey","0000-00-00","886158"
"67","BRK.B","Berkshire Hathaway","reports","Financials","Multi-Sector Holdings","Omaha, Nebraska","2010-02-16","1067983"
"68","BBY","Best Buy Co. Inc.","reports","Consumer Discretionary","Computer & Electronics Retail","Richfield, Minnesota","0000-00-00","764478"
"69","BIIB","BIOGEN IDEC Inc.","reports","Health Care","Biotechnology","Weston, Massachusetts","0000-00-00","875045"
"70","BLK","BlackRock","reports","Financials","Asset Management & Custody Banks","New York, New York","2011-04-04","1364742"
"71","HRB","Block H&R","reports","Financials","Consumer Finance","Kansas City, Missouri","1986-11-30","12659"
"72","BA","Boeing Company","reports","Industrials","Aerospace & Defense","Chicago, Illinois","0000-00-00","12927"
"73","BWA","BorgWarner","reports","Consumer Discretionary","Auto Parts & Equipment","Auburn Hills, Michigan","2011-12-19","908255"
"74","BXP","Boston Properties","reports","Real Estate","REITs","Boston, Massachusetts","0000-00-00","1037540"
"75","BSX","Boston Scientific","reports","Health Care","Health Care Equipment","Marlborough, Massachusetts[4]","0000-00-00","885725"
"76","BMY","Bristol-Myers Squibb","reports","Health Care","Health Care Distributors","New York, New York","0000-00-00","14272"
"77","AVGO","Broadcom","reports","Information Technology","Semiconductors","San Jose, California","2014-05-08","1441634"
"78","BF.B","Brown-Forman Corporation","reports","Consumer Staples","Distillers & Vintners","Louisville, Kentucky","1982-10-31","14693"
"79","CHRW","C. H. Robinson Worldwide","reports","Industrials","Air Freight & Logistics","Eden Prairie, Minnesota","0000-00-00","1043277"
"80","CA","CA, Inc.","reports","Information Technology","Systems Software","Islandia, New York","1987-07-31","356028"
"81","COG","Cabot Oil & Gas","reports","Energy","Oil & Gas Exploration & Production","Houston, Texas","2008-06-23","858470"
"82","CPB","Campbell Soup","reports","Consumer Staples","Packaged Foods & Meats","Camden, New Jersey","0000-00-00","16732"
"83","COF","Capital One Financial","reports","Financials","Consumer Finance","Tysons Corner, Virginia","0000-00-00","927628"
"84","CAH","Cardinal Health Inc.","reports","Health Care","Health Care Distributors","Dublin, Ohio","0000-00-00","721371"
"85","KMX","Carmax Inc","reports","Consumer Discretionary","Specialty Stores","Richmond, Virginia","2010-06-28","1170010"
"86","CCL","Carnival Corp.","reports","Consumer Discretionary","Hotels, Resorts & Cruise Lines","Miami, Florida","0000-00-00","815097"
"87","CAT","Caterpillar Inc.","reports","Industrials","Construction & Farm Machinery & Heavy Trucks","Peoria, Illinois","0000-00-00","18230"
"88","CBG","CBRE Group","reports","Real Estate","Real Estate Services","Los Angeles, California","0000-00-00","1138118"
"89","CBS","CBS Corp.","reports","Consumer Discretionary","Broadcasting & Cable TV","New York, New York","1994-09-01","813828"
"90","CELG","Celgene Corp.","reports","Health Care","Biotechnology","Summit, New Jersey","0000-00-00","816284"
"91","CNC","Centene Corporation","reports","Health Care","Managed Health Care","St Louis, Missouri","2016-03-30","1071739"
"92","CNP","CenterPoint Energy","reports","Utilities","MultiUtilities","Houston, Texas","1985-07-31","1130310"
"93","CTL","CenturyLink Inc","reports","Telecommunications Services","Integrated Telecommunications Services","Monroe, Louisiana","0000-00-00","18926"
"94","CERN","Cerner","reports","Health Care","Health Care Technology","North Kansas City, Missouri","2010-04-30","804753"
"95","CF","CF Industries Holdings Inc","reports","Materials","Fertilizers & Agricultural Chemicals","Deerfield, Illinois","2008-08-27","1324404"
"96","SCHW","Charles Schwab Corporation","reports","Financials","Investment Banking & Brokerage","San Francisco, California","0000-00-00","316709"
"97","CHTR","Charter Communications","reports","Consumer Discretionary","Cable & Satellite","Stamford, Connecticut","2016-09-08","1091667"
"98","CHK","Chesapeake Energy","reports","Energy","Integrated Oil & Gas","Oklahoma City, Oklahoma","0000-00-00","895126"
"99","CVX","Chevron Corp.","reports","Energy","Integrated Oil & Gas","San Ramon, California","0000-00-00","93410"
"100","CMG","Chipotle Mexican Grill","reports","Consumer Discretionary","Restaurants","Denver, Colorado","2011-04-28","1058090"
"101","CB","Chubb Limited","reports","Financials","Property & Casualty Insurance","Zurich, Switzerland","2010-07-15","896159"
"102","CHD","Church & Dwight","reports","Consumer Staples","Household Products","Ewing, New Jersey","2015-12-29","313927"
"103","CI","CIGNA Corp.","reports","Health Care","Managed Health Care","Philadelphia, Pennsylvania","1976-06-30","701221"
"104","XEC","Cimarex Energy","reports","Energy","Oil & Gas Exploration & Production","Denver, Colorado","2014-06-21","1168054"
"105","CINF","Cincinnati Financial","reports","Financials","Property & Casualty Insurance","Fairfield, Ohio","0000-00-00","20286"
"106","CTAS","Cintas Corporation","reports","Industrials","Diversified Support Services","Mason, Ohio","0000-00-00","723254"
"107","CSCO","Cisco Systems","reports","Information Technology","Networking Equipment","San Jose, California","1993-12-01","858877"
"108","C","Citigroup Inc.","reports","Financials","Banks","New York, New York","1988-05-31","831001"
"109","CFG","Citizens Financial Group","reports","Financials","Regional Banks","Providence, Rhode Island","2016-01-29","759944"
"110","CTXS","Citrix Systems","reports","Information Technology","Internet Software & Services","Fort Lauderdale, Florida","0000-00-00","877890"
"111","CME","CME Group Inc.","reports","Financials","Financial Exchanges & Data","Chicago, Illinois","0000-00-00","1156375"
"112","CMS","CMS Energy","reports","Utilities","MultiUtilities","Jackson, Michigan","0000-00-00","811156"
"113","COH","Coach Inc.","reports","Consumer Discretionary","Apparel, Accessories & Luxury Goods","New York, New York","0000-00-00","1116132"
"114","KO","Coca Cola Company","reports","Consumer Staples","Soft Drinks","Atlanta, Georgia","0000-00-00","21344"
"115","CTSH","Cognizant Technology Solutions","reports","Information Technology","IT Consulting & Other Services","Teaneck, New Jersey","0000-00-00","1058290"
"116","CL","Colgate-Palmolive","reports","Consumer Staples","Household Products","New York, New York","0000-00-00","21665"
"117","CMCSA","Comcast A Corp","reports","Consumer Discretionary","Cable & Satellite","Philadelphia, Pennsylvania","2015-09-18","1166691"
"118","CMA","Comerica Inc.","reports","Financials","Regional Banks","Dallas, Texas","0000-00-00","28412"
"119","CAG","ConAgra Foods Inc.","reports","Consumer Staples","Packaged Foods & Meats","Omaha, Nebraska","1983-08-31","23217"
"120","CXO","Concho Resources","reports","Energy","Oil & Gas Exploration & Production","Midland, Texas","2016-02-22","1358071"
"121","COP","ConocoPhillips","reports","Energy","Oil & Gas Exploration & Production","Houston, Texas","0000-00-00","1163165"
"122","ED","Consolidated Edison","reports","Utilities","Electric Utilities","New York, New York","0000-00-00","1047862"
"123","STZ","Constellation Brands","reports","Consumer Staples","Distillers & Vintners","Victor, New York","0000-00-00","16918"
"124","GLW","Corning Inc.","reports","Information Technology","Electronic Components","Corning, New York","0000-00-00","24741"
"125","COST","Costco Co.","reports","Consumer Staples","Hypermarkets & Super Centers","Issaquah, Washington","1993-10-01","909832"
"126","COTY","Coty, Inc","reports","Consumer Staples","Personal Products","New York, NY","2016-10-03","1024305"
"127","CCI","Crown Castle International Corp.","reports","Real Estate","REITs","Houston, Texas","2012-03-14","1051470"
"128","CSRA","CSRA Inc.","reports","Information Technology","IT Consulting & Other Services","Falls Church, Virginia","2015-12-01","1646383"
"129","CSX","CSX Corp.","reports","Industrials","Railroads","Jacksonville, Florida","1967-09-30","277948"
"130","CMI","Cummins Inc.","reports","Industrials","Industrial Machinery","Columbus, Indiana","1965-03-31","26172"
"131","CVS","CVS Health","reports","Consumer Staples","Drug Retail","Woonsocket, Rhode Island","0000-00-00","64803"
"132","DHI","D. R. Horton","reports","Consumer Discretionary","Homebuilding","Fort Worth, Texas","0000-00-00","882184"
"133","DHR","Danaher Corp.","reports","Industrials","Industrial Conglomerates","Washington, D.C.","0000-00-00","313616"
"134","DRI","Darden Restaurants","reports","Consumer Discretionary","Restaurants","Orlando, Florida","0000-00-00","940944"
"135","DVA","DaVita Inc.","reports","Health Care","Health Care Facilities","Denver, Colorado","2008-07-31","927066"
"136","DE","Deere & Co.","reports","Industrials","Construction & Farm Machinery & Heavy Trucks","Moline, Illinois","0000-00-00","315189"
"137","DLPH","Delphi Automotive","reports","Consumer Discretionary","Auto Parts & Equipment","Gillingham, Kent, United Kingdom","2012-12-24","1521332"
"138","DAL","Delta Air Lines","reports","Industrials","Airlines","Atlanta, Georgia","2013-09-11","27904"
"139","XRAY","Dentsply Sirona","reports","Health Care","Health Care Supplies","York, Pennsylvania","2008-11-14","818479"
"140","DVN","Devon Energy Corp.","reports","Energy","Oil & Gas Exploration & Production","Oklahoma City, Oklahoma","0000-00-00","1090012"
"141","DLR","Digital Realty Trust","reports","Real Estate","Specialized REITs","San Francisco, California","2016-05-18","1297996"
"142","DFS","Discover Financial Services","reports","Financials","Consumer Finance","Riverwoods, Illinois","2007-07-02","1393612"
"143","DISCA","Discovery Communications-A","reports","Consumer Discretionary","Cable & Satellite","Silver Spring, Maryland","2010-03-01","1437107"
"144","DISCK","Discovery Communications-C","reports","Consumer Discretionary","Cable & Satellite","Silver Spring, Maryland","2014-08-07","1437107"
"145","DG","Dollar General","reports","Consumer Discretionary","General Merchandise Stores","Goodlettsville, Tennessee","2012-12-03","29534"
"146","DLTR","Dollar Tree","reports","Consumer Discretionary","General Merchandise Stores","Chesapeake, Virginia","2011-12-19","935703"
"147","D","Dominion Resources","reports","Utilities","Electric Utilities","Richmond, Virginia","0000-00-00","715957"
"148","DOV","Dover Corp.","reports","Industrials","Industrial Machinery","Downers Grove, Illinois","1985-10-31","29905"
"149","DOW","Dow Chemical","reports","Materials","Diversified Chemicals","Midland, Michigan","0000-00-00","29915"
"150","DPS","Dr Pepper Snapple Group","reports","Consumer Staples","Soft Drinks","Plano, Texas","2008-10-07","1418135"
"151","DTE","DTE Energy Co.","reports","Utilities","MultiUtilities","Detroit, Michigan","0000-00-00","936340"
"152","DD","Du Pont (E.I.)","reports","Materials","Diversified Chemicals","Wilmington, Delaware","0000-00-00","30554"
"153","DUK","Duke Energy","reports","Utilities","Electric Utilities","Charlotte, North Carolina","1976-06-30","1326160"
"154","DNB","Dun & Bradstreet","reports","Industrials","Research & Consulting Services","Short Hills, New Jersey","2008-12-02","1115222"
"155","ETFC","E*Trade","reports","Financials","Investment Banking & Brokerage","New York, New York","2004-03-31","1015780"
"156","EMN","Eastman Chemical","reports","Materials","Diversified Chemicals","Kingsport, Tennessee","1994-01-01","915389"
"157","ETN","Eaton Corporation","reports","Industrials","Industrial Conglomerates","Dublin, Ireland","0000-00-00","1551182"
"158","EBAY","eBay Inc.","reports","Information Technology","Internet Software & Services","San Jose, California","0000-00-00","1065088"
"159","ECL","Ecolab Inc.","reports","Materials","Specialty Chemicals","St. Paul, Minnesota","1989-01-31","31462"
"160","EIX","Edison Int'l","reports","Utilities","Electric Utilities","Rosemead, California","0000-00-00","827052"
"161","EW","Edwards Lifesciences","reports","Health Care","Health Care Equipment","Irvine, California","2011-04-01","1099800"
"162","EA","Electronic Arts","reports","Information Technology","Home Entertainment Software","Redwood City, California","0000-00-00","712515"
"163","EMR","Emerson Electric Company","reports","Industrials","Industrial Conglomerates","Ferguson, Missouri","1965-03-31","32604"
"164","ENDP","Endo International","reports","Health Care","Pharmaceuticals","Dublin, Ireland","2015-01-27","1100962"
"165","ETR","Entergy Corp.","reports","Utilities","Electric Utilities","New Orleans, Louisiana","0000-00-00","65984"
"166","EVHC","Envision Healthcare Corp","reports","Health Care","Health Care Services","Nashville, Tennessee","2016-12-02","895930"
"167","EOG","EOG Resources","reports","Energy","Oil & Gas Exploration & Production","Houston, Texas","0000-00-00","821189"
"168","EQT","EQT Corporation","reports","Energy","Oil & Gas Exploration & Production","Pittsburgh, Pennsylvania","2008-12-19","33213"
"169","EFX","Equifax Inc.","reports","Industrials","Research & Consulting Services","Atlanta, Georgia","0000-00-00","33185"
"170","EQIX","Equinix","reports","Real Estate","REITs","Redwood City, California","2015-03-20","1101239"
"171","EQR","Equity Residential","reports","Real Estate","REITs","Chicago, Illinois","0000-00-00","906107"
"172","ESS","Essex Property Trust, Inc.","reports","Real Estate","Residential REITs","Palo Alto, California","2014-04-02","920522"
"173","EL","Estee Lauder Cos.","reports","Consumer Staples","Personal Products","New York, New York","0000-00-00","1001250"
"174","ES","Eversource Energy","reports","Utilities","MultiUtilities","Springfield, Massachusetts","0000-00-00","72741"
"175","EXC","Exelon Corp.","reports","Utilities","MultiUtilities","Chicago, Illinois","0000-00-00","1109357"
"176","EXPE","Expedia Inc.","reports","Consumer Discretionary","Internet & Direct Marketing Retail","Bellevue, Washington","2007-10-02","1324424"
"177","EXPD","Expeditors Int'l","reports","Industrials","Air Freight & Logistics","Seattle, Washington","2007-10-10","746515"
"178","ESRX","Express Scripts","reports","Health Care","Health Care Distributors","Cool Valley, Missouri","2003-09-25","1532063"
"179","EXR","Extra Space Storage","reports","Real Estate","Specialized REITs","Salt Lake City, UT","2016-01-19","1289490"
"180","XOM","Exxon Mobil Corp.","reports","Energy","Integrated Oil & Gas","Irving, Texas","0000-00-00","34088"
"181","FFIV","F5 Networks","reports","Information Technology","Networking Equipment","Seattle, Washington","2010-12-20","1048695"
"182","FB","Facebook","reports","Information Technology","Internet Software & Services","Menlo Park, California","2013-12-23","1326801"
"183","FAST","Fastenal Co","reports","Industrials","Building Products","Winona, Minnesota","2009-09-15","815556"
"184","FRT","Federal Realty Investment Trust","reports","Real Estate","Retail REITs","Rockville, Maryland","2016-02-01","34903"
"185","FDX","FedEx Corporation","reports","Industrials","Air Freight & Logistics","Memphis, Tennessee","1980-12-31","1048911"
"186","FIS","Fidelity National Information Services","reports","Information Technology","Internet Software & Services","Jacksonville, Florida","0000-00-00","1136893"
"187","FITB","Fifth Third Bancorp","reports","Financials","Banks","Cincinnati, Ohio","0000-00-00","35527"
"188","FSLR","First Solar Inc","reports","Information Technology","Semiconductors","Tempe, Arizona","2009-10-16","1274494"
"189","FE","FirstEnergy Corp","reports","Utilities","Electric Utilities","Akron, Ohio","0000-00-00","1031296"
"190","FISV","Fiserv Inc","reports","Information Technology","Internet Software & Services","Brookfield, Wisconsin","0000-00-00","798354"
"191","FLIR","FLIR Systems","reports","Information Technology","Electronic Equipment & Instruments","Wilsonville, Oregon","2009-01-02","354908"
"192","FLS","Flowserve Corporation","reports","Industrials","Industrial Machinery","Irving, Texas","2008-10-02","30625"
"193","FLR","Fluor Corp.","reports","Industrials","Diversified Commercial Services","Irving, Texas","1980-03-31","1124198"
"194","FMC","FMC Corporation","reports","Materials","Diversified Chemicals","Philadelphia, Pennsylvania","2009-08-19","37785"
"195","FTI","FMC Technologies Inc.","reports","Energy","Oil & Gas Equipment & Services","Houston, Texas","2009-06-05","1135152"
"196","FL","Foot Locker Inc","reports","Consumer Discretionary","Apparel Retail","New York, New York","2016-04-04","850209"
"197","F","Ford Motor","reports","Consumer Discretionary","Automobile Manufacturers","Dearborn, Michigan","0000-00-00","37996"
"198","FTV","Fortive Corp","reports","Industrials","Industrial Machinery","Everett, Washington","2016-07-01","1659166"
"199","FBHS","Fortune Brands Home & Security","reports","Industrials","Building Products","Deerfield, Illinois","2016-06-22","1519751"
"200","BEN","Franklin Resources","reports","Financials","Asset Management & Custody Banks","San Mateo, California","0000-00-00","38777"
"201","FCX","Freeport-McMoran Cp & Gld","reports","Materials","Copper","Phoenix, Arizona","0000-00-00","831259"
"202","FTR","Frontier Communications","reports","Telecommunications Services","Integrated Telecommunications Services","Stamford, Connecticut","0000-00-00","20520"
"203","GPS","Gap (The)","reports","Consumer Discretionary","Apparel Retail","San Francisco, California","1986-08-31","39911"
"204","GRMN","Garmin Ltd.","reports","Consumer Discretionary","Consumer Electronics","Schaffhausen, Switzerland","2012-12-12","1121788"
"205","GD","General Dynamics","reports","Industrials","Aerospace & Defense","Falls Church, Virginia","0000-00-00","40533"
"206","GE","General Electric","reports","Industrials","Industrial Conglomerates","Fairfield, Connecticut","0000-00-00","40545"
"207","GGP","General Growth Properties Inc.","reports","Real Estate","Retail REITs","Chicago, Illinois","2013-12-10","895648"
"208","GIS","General Mills","reports","Consumer Staples","Packaged Foods & Meats","Golden Valley, Minnesota","1969-03-31","40704"
"209","GM","General Motors","reports","Consumer Discretionary","Automobile Manufacturers","Detroit, Michigan","2013-06-06","1467858"
"210","GPC","Genuine Parts","reports","Consumer Discretionary","Specialty Stores","Atlanta, Georgia","1973-12-31","40987"
"211","GILD","Gilead Sciences","reports","Health Care","Biotechnology","Foster City, California","0000-00-00","882095"
"212","GPN","Global Payments Inc","reports","Information Technology","Data Processing & Outsourced Services","Atlanta, Georgia","2016-04-25","1123360"
"213","GS","Goldman Sachs Group","reports","Financials","Investment Banking & Brokerage","New York, New York","0000-00-00","886982"
"214","GT","Goodyear Tire & Rubber","reports","Consumer Discretionary","Tires & Rubber","Akron, Ohio","0000-00-00","42582"
"215","GWW","Grainger (W.W.) Inc.","reports","Industrials","Industrial Materials","Lake Forest, Illinois","1981-06-30","277135"
"216","HAL","Halliburton Co.","reports","Energy","Oil & Gas Equipment & Services","Houston, Texas","0000-00-00","45012"
"217","HBI","Hanesbrands Inc","reports","Consumer Discretionary","Apparel, Accessories & Luxury Goods","Winston-Salem, North Carolina","2015-03-20","1359841"
"218","HOG","Harley-Davidson","reports","Consumer Discretionary","Motorcycle Manufacturers","Milwaukee, Wisconsin","0000-00-00","793952"
"219","HAR","Harman Int'l Industries","reports","Consumer Discretionary","Consumer Electronics","Stamford, Connecticut","0000-00-00","800459"
"220","HRS","Harris Corporation","reports","Information Technology","Telecommunications Equipment","Melbourne, Florida","2008-09-22","202058"
"221","HIG","Hartford Financial Svc.Gp.","reports","Financials","Property & Casualty Insurance","Hartford, Connecticut","0000-00-00","874766"
"222","HAS","Hasbro Inc.","reports","Consumer Discretionary","Leisure Products","Pawtucket, Rhode Island","1984-09-30","46080"
"223","HCA","HCA Holdings","reports","Health Care","Health Care Facilities","Nashville, Tennessee","2015-01-27","860730"
"224","HCP","HCP Inc.","reports","Real Estate","REITs","Long Beach, California","2008-03-31","765880"
"225","HP","Helmerich & Payne","reports","Energy","Oil & Gas Drilling","Tulsa, Oklahoma[5]","0000-00-00","46765"
"226","HSIC","Henry Schein","reports","Health Care","Health Care Distributors","Melville, New York","2015-03-17","1000228"
"227","HES","Hess Corporation","reports","Energy","Integrated Oil & Gas","New York, New York","1984-05-31","4447"
"228","HPE","Hewlett Packard Enterprise","reports","Information Technology","Technology Hardware, Storage & Peripherals","Palo Alto, California","2015-11-02","1645590"
"229","HOLX","Hologic","reports","Health Care","Health Care Equipment","Marlborough, Massachusetts","2016-03-30","859737"
"230","HD","Home Depot","reports","Consumer Discretionary","Home Improvement Retail","Atlanta, Georgia","1988-03-31","354950"
"231","HON","Honeywell Int'l Inc.","reports","Industrials","Industrial Conglomerates","Morristown, New Jersey","1964-03-31","773840"
"232","HRL","Hormel Foods Corp.","reports","Consumer Staples","Packaged Foods & Meats","Austin, Minnesota","2009-03-04","48465"
"233","HST","Host Hotels & Resorts","reports","Real Estate","REITs","Bethesda, Maryland","2007-03-20","1070750"
"234","HPQ","HP Inc.","reports","Information Technology","Computer Hardware","Palo Alto, California","1974-12-31","47217"
"235","HUM","Humana Inc.","reports","Health Care","Managed Health Care","Louisville, Kentucky","0000-00-00","49071"
"236","HBAN","Huntington Bancshares","reports","Financials","Banks","Columbus, Ohio","0000-00-00","49196"
"237","IDXX","IDEXX Laboratories","reports","Health Care","Health Care Equipment","Westbrook, Maine","2017-01-05","874716"
"238","ITW","Illinois Tool Works","reports","Industrials","Industrial Machinery","Glenview, Illinois","1986-02-28","49826"
"239","ILMN","Illumina Inc","reports","Health Care","Life Sciences Tools & Services","San Diego, California","2015-11-19","1110803"
"240","IR","Ingersoll-Rand PLC","reports","Industrials","Industrial Conglomerates","Dublin, Ireland","2010-11-17","1466258"
"241","INTC","Intel Corp.","reports","Information Technology","Semiconductors","Santa Clara, California","1976-12-31","50863"
"242","ICE","Intercontinental Exchange","reports","Financials","Diversified Financial Services","Atlanta, Georgia","2007-09-26","1571949"
"243","IBM","International Business Machines","reports","Information Technology","IT Consulting & Other Services","Armonk, New York","0000-00-00","51143"
"244","IP","International Paper","reports","Materials","Paper Packaging","Memphis, Tennessee","0000-00-00","51434"
"245","IPG","Interpublic Group","reports","Consumer Discretionary","Advertising","New York, New York","1992-10-01","51644"
"246","IFF","Intl Flavors & Fragrances","reports","Materials","Specialty Chemicals","New York, New York","1976-03-31","51253"
"247","INTU","Intuit Inc.","reports","Information Technology","Internet Software & Services","Mountain View, California","2000-12-05","896878"
"248","ISRG","Intuitive Surgical Inc.","reports","Health Care","Health Care Equipment","Sunnyvale, California","2008-06-02","1035267"
"249","IVZ","Invesco Ltd.","reports","Financials","Asset Management & Custody Banks","Atlanta, Georgia","2008-08-21","914208"
"250","IRM","Iron Mountain Incorporated","reports","Real Estate","REITs","Boston, Massachusetts","2009-01-06","1020569"
"251","JBHT","J. B. Hunt Transport Services","reports","Industrials","Trucking","Lowell, Arkansas","2015-07-01","728535"
"252","JEC","Jacobs Engineering Group","reports","Industrials","Industrial Conglomerates","Pasadena, California","2007-10-26","52988"
"253","SJM","JM Smucker","reports","Consumer Staples","Packaged Foods & Meats","Orrville, Ohio","2008-11-06","91419"
"254","JNJ","Johnson & Johnson","reports","Health Care","Health Care Equipment","New Brunswick, New Jersey","1973-06-30","200406"
"255","JCI","Johnson Controls International","reports","Industrials","Building Products","Cork, Ireland","2010-08-27","833444"
"256","JPM","JPMorgan Chase & Co.","reports","Financials","Banks","New York, New York","1975-06-30","19617"
"257","JNPR","Juniper Networks","reports","Information Technology","Networking Equipment","Sunnyvale, California","0000-00-00","1043604"
"258","KSU","Kansas City Southern","reports","Industrials","Railroads","Kansas City, Missouri","2013-05-24","54480"
"259","K","Kellogg Co.","reports","Consumer Staples","Packaged Foods & Meats","Battle Creek, Michigan","0000-00-00","55067"
"260","KEY","KeyCorp","reports","Financials","Banks","Cleveland, Ohio","1994-03-01","91576"
"261","KMB","Kimberly-Clark","reports","Consumer Staples","Household Products","Irving, Texas","0000-00-00","55785"
"262","KIM","Kimco Realty","reports","Real Estate","REITs","New Hyde Park, New York","0000-00-00","879101"
"263","KMI","Kinder Morgan","reports","Energy","Oil & Gas Refining & Marketing & Transportation","Houston, Texas","2012-05-25","1506307"
"264","KLAC","KLA-Tencor Corp.","reports","Information Technology","Semiconductor Equipment","Milpitas, California","0000-00-00","319201"
"265","KSS","Kohl's Corp.","reports","Consumer Discretionary","General Merchandise Stores","Menomonee Falls, Wisconsin","0000-00-00","885639"
"266","KHC","Kraft Heinz Co","reports","Consumer Staples","Packaged Foods & Meats","Pittsburgh, Pennsylvania","2015-07-06","1545158"
"267","KR","Kroger Co.","reports","Consumer Staples","Food Retail","Cincinnati, Ohio","0000-00-00","56873"
"268","LB","L Brands Inc.","reports","Consumer Discretionary","Apparel Retail","Columbus, Ohio","1983-09-30","701985"
"269","LLL","L-3 Communications Holdings","reports","Industrials","Industrial Conglomerates","New York, New York","0000-00-00","1056239"
"270","LH","Laboratory Corp. of America Holding","reports","Health Care","Health Care Facilities","Burlington, North Carolina","0000-00-00","920148"
"271","LRCX","Lam Research","reports","Information Technology","Semiconductor Equipment","Fremont, California","2012-06-29","707549"
"272","LEG","Leggett & Platt","reports","Industrials","Industrial Conglomerates","Carthage, Missouri","0000-00-00","58492"
"273","LEN","Lennar Corp.","reports","Consumer Discretionary","Homebuilding","Miami, Florida","0000-00-00","920760"
"274","LUK","Leucadia National Corp.","reports","Financials","Multi-Sector Holdings","New York, New York","2007-08-27","96223"
"275","LVLT","Level 3 Communications","reports","Telecommunications Services","Alternative Carriers","Broomfield, Colorado","2014-11-05","794323"
"276","LLY","Lilly (Eli) & Co.","reports","Health Care","Pharmaceuticals","Indianapolis, Indiana","1970-12-31","59478"
"277","LNC","Lincoln National","reports","Financials","Multi-line Insurance","Radnor, Pennsylvania","1976-06-30","59558"
"278","LLTC","Linear Technology Corp.","reports","Information Technology","Semiconductors","Milpitas, California","0000-00-00","791907"
"279","LKQ","LKQ Corporation","reports","Consumer Discretionary","Distributors","Chicago, Illinois","2016-05-23","1065696"
"280","LMT","Lockheed Martin Corp.","reports","Industrials","Aerospace & Defense","Bethesda, Maryland","1984-07-31","936468"
"281","L","Loews Corp.","reports","Financials","Multi-Sector Holdings","New York, New York","0000-00-00","60086"
"282","LOW","Lowe's Cos.","reports","Consumer Discretionary","Home Improvement Retail","Mooresville, North Carolina","1984-02-29","60667"
"283","LYB","LyondellBasell","reports","Materials","Diversified Chemicals","Rotterdam, Netherlands","2012-09-05","1489393"
"284","MTB","M&T Bank Corp.","reports","Financials","Banks","Buffalo, New York","0000-00-00","36270"
"285","MAC","Macerich","reports","Real Estate","Retail REITs","Santa Monica, California","2013-05-09","912242"
"286","M","Macy's Inc.","reports","Consumer Discretionary","Department Stores","Cincinnati, Ohio","0000-00-00","794367"
"287","MNK","Mallinckrodt Plc","reports","Health Care","Pharmaceuticals","Dublin, Ireland","2014-08-19","1567892"
"288","MRO","Marathon Oil Corp.","reports","Energy","Oil & Gas Exploration & Production","Houston, Texas","1991-05-01","101778"
"289","MPC","Marathon Petroleum","reports","Energy","Oil & Gas Refining & Marketing & Transportation","Findlay, Ohio","2011-07-01","1510295"
"290","MAR","Marriott Int'l.","reports","Consumer Discretionary","Hotels, Resorts & Cruise Lines","Bethesda, Maryland","0000-00-00","1048286"
"291","MMC","Marsh & McLennan","reports","Financials","Insurance Brokers","New York, New York","1987-08-31","62709"
"292","MLM","Martin Marietta Materials","reports","Materials","Construction Materials","Raleigh, North Carolina","2014-07-02","916076"
"293","MAS","Masco Corp.","reports","Industrials","Building Products","Taylor, Michigan","1981-06-30","62996"
"294","MA","Mastercard Inc.","reports","Information Technology","Internet Software & Services","Harrison, New York","2008-07-18","1141391"
"295","MAT","Mattel Inc.","reports","Consumer Discretionary","Leisure Products","El Segundo, California","1982-03-31","63276"
"296","MKC","McCormick & Co.","reports","Consumer Staples","Packaged Foods & Meats","Sparks, Maryland","0000-00-00","63754"
"297","MCD","McDonald's Corp.","reports","Consumer Discretionary","Restaurants","Oak Brook, Illinois","1970-06-30","63908"
"298","MCK","McKesson Corp.","reports","Health Care","Health Care Distributors","San Francisco, California","0000-00-00","927653"
"299","MJN","Mead Johnson","reports","Consumer Staples","Packaged Foods & Meats","Glenview, Illinois","2009-12-21","1452575"
"300","MDT","Medtronic plc","reports","Health Care","Health Care Equipment","Dublin, Ireland","1986-10-31","64670"
"301","MRK","Merck & Co.","reports","Health Care","Pharmaceuticals","Whitehouse Station, New Jersey","0000-00-00","310158"
"302","MET","MetLife Inc.","reports","Financials","Life & Health Insurance","New York, New York","0000-00-00","1099219"
"303","MTD","Mettler Toledo","reports","Health Care","Life Sciences Tools & Services","Columbus, Ohio","2016-09-06","1037646"
"304","KORS","Michael Kors Holdings","reports","Consumer Discretionary","Apparel, Accessories & Luxury Goods","New York, New York","2013-11-13","1530721"
"305","MCHP","Microchip Technology","reports","Information Technology","Semiconductors","Chandler, Arizona","2007-09-07","827054"
"306","MU","Micron Technology","reports","Information Technology","Semiconductors","Boise, Idaho","1994-09-27","723125"
"307","MSFT","Microsoft Corp.","reports","Information Technology","Systems Software","Redmond, Washington","1994-06-01","789019"
"308","MAA","Mid-America Apartments","reports","Real Estate","Residential REITs","Memphis, Tennessee","2016-12-02","912595"
"309","MHK","Mohawk Industries","reports","Consumer Discretionary","Home Furnishings","Amsterdam, New York","2013-12-23","851968"
"310","TAP","Molson Coors Brewing Company","reports","Consumer Staples","Brewers","Denver, Colorado","1976-06-30","24545"
"311","MDLZ","Mondelez International","reports","Consumer Staples","Packaged Foods & Meats","Northfield, Illinois","2012-10-02","1103982"
"312","MON","Monsanto Co.","reports","Materials","Fertilizers & Agricultural Chemicals","Creve Coeur, Missouri","2002-08-07","1110783"
"313","MNST","Monster Beverage","reports","Consumer Staples","Soft Drinks","Corona, California","2012-06-28","865752"
"314","MCO","Moody's Corp","reports","Financials","Diversified Financial Services","New York, New York","0000-00-00","1059556"
"315","MS","Morgan Stanley","reports","Financials","Investment Banking & Brokerage","New York, New York","0000-00-00","895421"
"316","MSI","Motorola Solutions Inc.","reports","Information Technology","Telecommunications Equipment","Schaumburg, Illinois","0000-00-00","68505"
"317","MUR","Murphy Oil","reports","Energy","Integrated Oil & Gas","El Dorado, Arkansas","0000-00-00","717423"
"318","MYL","Mylan N.V.","reports","Health Care","Pharmaceuticals","Amsterdam, Netherlands","0000-00-00","69499"
"319","NDAQ","NASDAQ OMX Group","reports","Financials","Diversified Financial Services","New York, New York","2008-10-22","1120193"
"320","NOV","National Oilwell Varco Inc.","reports","Energy","Oil & Gas Equipment & Services","Houston, Texas","0000-00-00","1021860"
"321","NAVI","Navient","reports","Financials","Consumer Finance","Newark, Delaware","2014-05-01","1593538"
"322","NTAP","NetApp","reports","Information Technology","Internet Software & Services","Sunnyvale, California","0000-00-00","1002047"
"323","NFLX","Netflix Inc.","reports","Information Technology","Internet Software & Services","Los Gatos, California","2010-12-20","1065280"
"324","NWL","Newell Brands","reports","Consumer Discretionary","Housewares & Specialties","Sandy Springs, Georgia","1989-04-30","814453"
"325","NFX","Newfield Exploration Co","reports","Energy","Oil & Gas Exploration & Production","Houston, Texas","2010-12-20","912750"
"326","NEM","Newmont Mining Corp. (Hldg. Co.)","reports","Materials","Gold","Denver, Colorado","1969-06-30","1164727"
"327","NWSA","News Corp. Class A","reports","Consumer Discretionary","Publishing","New York, New York","2013-08-01","1564708"
"328","NWS","News Corp. Class B","reports","Consumer Discretionary","Publishing","New York, New York","2015-09-18","1564708"
"329","NEE","NextEra Energy","reports","Utilities","MultiUtilities","Juno Beach, Florida","1976-06-30","753308"
"330","NLSN","Nielsen Holdings","reports","Industrials","Research & Consulting Services","New York, New York","2013-07-09","1492633"
"331","NKE","Nike","reports","Consumer Discretionary","Apparel, Accessories & Luxury Goods","Washington County, Oregon","1988-11-30","320187"
"332","NI","NiSource Inc.","reports","Utilities","MultiUtilities","Merrillville, Indiana","0000-00-00","1111711"
"333","NBL","Noble Energy Inc","reports","Energy","Oil & Gas Exploration & Production","Houston, Texas","2007-10-08","72207"
"334","JWN","Nordstrom","reports","Consumer Discretionary","Department Stores","Seattle, Washington","1986-08-31","72333"
"335","NSC","Norfolk Southern Corp.","reports","Industrials","Railroads","Norfolk, Virginia","0000-00-00","702165"
"336","NTRS","Northern Trust Corp.","reports","Financials","Asset Management & Custody Banks","Chicago, Illinois","0000-00-00","73124"
"337","NOC","Northrop Grumman Corp.","reports","Industrials","Aerospace & Defense","West Falls Church, Virginia","1985-06-30","1133421"
"338","NRG","NRG Energy","reports","Utilities","Independent Power Producers & Energy Traders","Princeton, New Jersey","2010-01-29","1013871"
"339","NUE","Nucor Corp.","reports","Materials","Steel","Charlotte, North Carolina","1985-04-30","73309"
"340","NVDA","Nvidia Corporation","reports","Information Technology","Semiconductors","Santa Clara, California","0000-00-00","1045810"
"341","ORLY","O'Reilly Automotive","reports","Consumer Discretionary","Specialty Stores","Springfield, Missouri","2009-03-27","898173"
"342","OXY","Occidental Petroleum","reports","Energy","Oil & Gas Exploration & Production","Los Angeles, California","1982-12-31","797468"
"343","OMC","Omnicom Group","reports","Consumer Discretionary","Advertising","New York, New York","0000-00-00","29989"
"344","OKE","ONEOK","reports","Energy","Oil & Gas Exploration & Production","Tulsa, Oklahoma","2010-03-15","1039684"
"345","ORCL","Oracle Corp.","reports","Information Technology","Application Software","Redwood Shores, California","1989-08-31","1341439"
"346","PCAR","PACCAR Inc.","reports","Industrials","Construction & Farm Machinery & Heavy Trucks","Bellevue, Washington","1980-12-31","75362"
"347","PH","Parker-Hannifin","reports","Industrials","Industrial Conglomerates","Cleveland, Ohio","1985-11-30","76334"
"348","PDCO","Patterson Companies","reports","Health Care","Health Care Supplies","St. Paul, Minnesota","0000-00-00","891024"
"349","PAYX","Paychex Inc.","reports","Information Technology","Internet Software & Services","Penfield, New York","0000-00-00","723531"
"350","PYPL","PayPal","reports","Information Technology","Data Processing & Outsourced Services","San Jose, California","2015-07-20","1633917"
"351","PNR","Pentair Ltd.","reports","Industrials","Industrial Machinery","Worsley, UK","2012-10-01","77360"
"352","PBCT","People's United Financial","reports","Financials","Thrifts & Mortgage Finance","Bridgeport, Connecticut","2008-11-13","1378946"
"353","PEP","PepsiCo Inc.","reports","Consumer Staples","Soft Drinks","Purchase, New York","0000-00-00","77476"
"354","PKI","PerkinElmer","reports","Health Care","Health Care Equipment","Waltham, Massachusetts","1985-05-31","31791"
"355","PRGO","Perrigo","reports","Health Care","Pharmaceuticals","Dublin, Ireland","2011-12-19","1585364"
"356","PFE","Pfizer Inc.","reports","Health Care","Pharmaceuticals","New York, New York","0000-00-00","78003"
"357","PCG","PG&E Corp.","reports","Utilities","MultiUtilities","San Francisco, California","0000-00-00","1004980"
"358","PM","Philip Morris International","reports","Consumer Staples","Tobacco","New York, New York","2008-03-31","1413329"
"359","PSX","Phillips 66","reports","Energy","Oil & Gas Refining & Marketing & Transportation","Houston, Texas","2012-05-01","1534701"
"360","PNW","Pinnacle West Capital","reports","Utilities","MultiUtilities","Phoenix, Arizona","0000-00-00","764622"
"361","PXD","Pioneer Natural Resources","reports","Energy","Oil & Gas Exploration & Production","Irving, Texas","2008-09-24","1038357"
"362","PBI","Pitney-Bowes","reports","Industrials","Technology, Hardware, Software and Supplies","Stamford, Connecticut","0000-00-00","78814"
"363","PNC","PNC Financial Services","reports","Financials","Banks","Pittsburgh, Pennsylvania","1988-04-30","713676"
"364","RL","Polo Ralph Lauren Corp.","reports","Consumer Discretionary","Apparel, Accessories & Luxury Goods","New York, New York","2007-02-02","1037038"
"365","PPG","PPG Industries","reports","Materials","Diversified Chemicals","Pittsburgh, Pennsylvania","0000-00-00","79879"
"366","PPL","PPL Corp.","reports","Utilities","Electric Utilities","Allentown, Pennsylvania","0000-00-00","922224"
"367","PX","Praxair Inc.","reports","Materials","Industrial Gases","Danbury, Connecticut","1992-07-01","884905"
"368","PCLN","Priceline.com Inc","reports","Consumer Discretionary","Internet & Direct Marketing Retail","Norwalk, Connecticut","2009-11-06","1075531"
"369","PFG","Principal Financial Group","reports","Financials","Diversified Financial Services","Des Moines, Iowa","0000-00-00","1126328"
"370","PG","Procter & Gamble","reports","Consumer Staples","Personal Products","Cincinnati, Ohio","0000-00-00","80424"
"371","PGR","Progressive Corp.","reports","Financials","Property & Casualty Insurance","Mayfield Village, Ohio","0000-00-00","80661"
"372","PLD","Prologis","reports","Real Estate","REITs","San Francisco, California","0000-00-00","1045609"
"373","PRU","Prudential Financial","reports","Financials","Diversified Financial Services","Newark, New Jersey","0000-00-00","1137774"
"374","PEG","Public Serv. Enterprise Inc.","reports","Utilities","Electric Utilities","Newark, New Jersey","0000-00-00","788784"
"375","PSA","Public Storage","reports","Real Estate","REITs","Glendale, California","0000-00-00","1393311"
"376","PHM","Pulte Homes Inc.","reports","Consumer Discretionary","Homebuilding","Atlanta, Georgia","1984-04-30","822416"
"377","PVH","PVH Corp.","reports","Consumer Discretionary","Apparel, Accessories & Luxury Goods","New York, New York","2013-02-15","78239"
"378","QRVO","Qorvo","reports","Information Technology","Semiconductors","Greensboro, North Carolina","2015-06-11","1604778"
"379","QCOM","QUALCOMM Inc.","reports","Information Technology","Semiconductors","San Diego, California","0000-00-00","804328"
"380","PWR","Quanta Services Inc.","reports","Industrials","Industrial Conglomerates","Houston, Texas","2009-07-01","1050915"
"381","DGX","Quest Diagnostics","reports","Health Care","Health Care Facilities","Madison, New Jersey","0000-00-00","1022079"
"382","RRC","Range Resources Corp.","reports","Energy","Oil & Gas Exploration & Production","Fort Worth, Texas","2007-12-21","315852"
"383","RTN","Raytheon Co.","reports","Industrials","Aerospace & Defense","Waltham, Massachusetts","0000-00-00","1047122"
"384","O","Realty Income Corporation","reports","Real Estate","Retail REITs","San Diego, California","2015-04-07","726728"
"385","RHT","Red Hat Inc.","reports","Information Technology","Systems Software","Raleigh, North Carolina","2009-07-27","1087423"
"386","REGN","Regeneron","reports","Health Care","Biotechnology","Tarrytown, New York","2013-05-01","872589"
"387","RF","Regions Financial Corp.","reports","Financials","Diversified Financial Services","Birmingham, Alabama","0000-00-00","1281761"
"388","RSG","Republic Services Inc","reports","Industrials","Industrial Conglomerates","Phoenix, Arizona","2008-12-05","1060391"
"389","RAI","Reynolds American Inc.","reports","Consumer Staples","Tobacco","Winston-Salem, North Carolina","0000-00-00","1275283"
"390","RHI","Robert Half International","reports","Industrials","Human Resource & Employment Services","Menlo Park, California","0000-00-00","315213"
"391","ROK","Rockwell Automation Inc.","reports","Industrials","Industrial Conglomerates","Milwaukee, Wisconsin","0000-00-00","1024478"
"392","COL","Rockwell Collins","reports","Industrials","Industrial Conglomerates","Cedar Rapids, Iowa","0000-00-00","1137411"
"393","ROP","Roper Industries","reports","Industrials","Industrial Conglomerates","Sarasota, Florida","2009-12-23","882835"
"394","ROST","Ross Stores","reports","Consumer Discretionary","Apparel Retail","Pleasanton, California","2009-12-21","745732"
"395","RCL","Royal Caribbean Cruises Ltd","reports","Consumer Discretionary","Hotels, Resorts & Cruise Lines","Miami, Florida","2014-12-05","884887"
"396","R","Ryder System","reports","Industrials","Industrial Conglomerates","Miami, Florida","1982-12-31","85961"
"397","SPGI","S&P Global, Inc.","reports","Financials","Diversified Financial Services","New York, New York","0000-00-00","64040"
"398","CRM","Salesforce.com","reports","Information Technology","Internet Software & Services","San Francisco, California","2008-09-15","1108524"
"399","SCG","SCANA Corp","reports","Utilities","MultiUtilities","Cayce, South Carolina","2009-01-02","754737"
"400","SLB","Schlumberger Ltd.","reports","Energy","Oil & Gas Equipment & Services","Cura?_ao, Kingdom of the Netherlan","1965-03-31","87347"
"401","SNI","Scripps Networks Interactive Inc.","reports","Consumer Discretionary","Broadcasting & Cable TV","Cincinnati, Ohio","2008-07-01","1430602"
"402","STX","Seagate Technology","reports","Information Technology","Computer Storage & Peripherals","Dublin, Ireland","2012-07-02","1137789"
"403","SEE","Sealed Air","reports","Materials","Paper Packaging","Elmwood Park, New Jersey","0000-00-00","1012100"
"404","SRE","Sempra Energy","reports","Utilities","MultiUtilities","San Diego, California","0000-00-00","1032208"
"405","SHW","Sherwin-Williams","reports","Materials","Specialty Chemicals","Cleveland, Ohio","1964-06-30","89800"
"406","SIG","Signet Jewelers","reports","Consumer Discretionary","Specialty Stores","Hamilton, Bermuda","2015-07-29","832988"
"407","SPG","Simon Property Group Inc","reports","Real Estate","REITs","Indianapolis, Indiana","0000-00-00","1063761"
"408","SWKS","Skyworks Solutions","reports","Information Technology","Semiconductors","Woburn, Massachusetts","2015-03-12","4127"
"409","SLG","SL Green Realty","reports","Real Estate","Office REITs","New York, New York","2015-03-20","1040971"
"410","SNA","Snap-On Inc.","reports","Consumer Discretionary","Household Appliances","Kenosha, Wisconsin","1982-09-30","91440"
"411","SO","Southern Co.","reports","Utilities","Electric Utilities","Atlanta, Georgia","0000-00-00","92122"
"412","LUV","Southwest Airlines","reports","Industrials","Airlines","Dallas, Texas","1994-07-01","92380"
"413","SWN","Southwestern Energy","reports","Energy","Oil & Gas Exploration & Production","Houston, Texas[6]","2008-06-06","7332"
"414","SE","Spectra Energy Corp.","reports","Energy","Oil & Gas Refining & Marketing & Transportation","Houston, Texas","0000-00-00","1373835"
"415","SWK","Stanley Black & Decker","reports","Consumer Discretionary","Household Appliances","New Britain, Connecticut","1982-09-30","93556"
"416","SPLS","Staples Inc.","reports","Consumer Discretionary","Specialty Stores","Framingham, Massachusetts","0000-00-00","791519"
"417","SBUX","Starbucks Corp.","reports","Consumer Discretionary","Restaurants","Seattle, Washington","0000-00-00","829224"
"418","STT","State Street Corp.","reports","Financials","Diversified Financial Services","Boston, Massachusetts","0000-00-00","93751"
"419","SRCL","Stericycle Inc","reports","Industrials","Industrial Conglomerates","Lake Forest, Illinois","2008-11-19","861878"
"420","SYK","Stryker Corp.","reports","Health Care","Health Care Equipment","Kalamazoo, Michigan","0000-00-00","310764"
"421","STI","SunTrust Banks","reports","Financials","Banks","Atlanta, Georgia","1988-05-31","750556"
"422","SYMC","Symantec Corp.","reports","Information Technology","Application Software","Mountain View, California","2003-03-25","849399"
"423","SYF","Synchrony Financial","reports","Financials","Consumer Finance","Stamford, Connecticut","2015-11-18","1601712"
"424","SYY","Sysco Corp.","reports","Consumer Staples","Food Distributors","Houston, Texas","1986-12-31","96021"
"425","TROW","T. Rowe Price Group","reports","Financials","Diversified Financial Services","Baltimore, Maryland","0000-00-00","1113169"
"426","TGT","Target Corp.","reports","Consumer Discretionary","General Merchandise Stores","Minneapolis, Minnesota","1976-12-31","27419"
"427","TEL","TE Connectivity Ltd.","reports","Information Technology","Electronic Manufacturing Services","Schaffhausen, Switzerland","2011-10-17","1385157"
"428","TGNA","Tegna, Inc.","reports","Consumer Discretionary","Publishing","McLean, Virginia","1975-12-31","39899"
"429","TDC","Teradata Corp.","reports","Information Technology","Application Software","Miamisburg, Ohio","2007-10-01","816761"
"430","TSO","Tesoro Petroleum Co.","reports","Energy","Oil & Gas Refining & Marketing & Transportation","San Antonio, Texas","2007-09-27","50104"
"431","TXN","Texas Instruments","reports","Information Technology","Semiconductors","Dallas, Texas","0000-00-00","97476"
"432","TXT","Textron Inc.","reports","Industrials","Industrial Conglomerates","Providence, Rhode Island","1978-12-31","217346"
"433","BK","The Bank of New York Mellon Corp.","reports","Financials","Banks","New York, New York","0000-00-00","1390777"
"434","CLX","The Clorox Company","reports","Consumer Staples","Household Products","Oakland, California","1969-03-31","21076"
"435","COO","The Cooper Companies","reports","Health Care","Health Care Supplies","Pleasanton, California","2016-09-23","711404"
"436","HSY","The Hershey Company","reports","Consumer Staples","Packaged Foods & Meats","Hershey, Pennsylvania","0000-00-00","47111"
"437","MOS","The Mosaic Company","reports","Materials","Fertilizers & Agricultural Chemicals","Plymouth, Minnesota","2011-09-26","1285785"
"438","TRV","The Travelers Companies Inc.","reports","Financials","Property & Casualty Insurance","New York, New York","0000-00-00","86312"
"439","DIS","The Walt Disney Company","reports","Consumer Discretionary","Broadcasting & Cable TV","Burbank, California","1976-06-30","1001039"
"440","TMO","Thermo Fisher Scientific","reports","Health Care","Health Care Equipment","Waltham, Massachusetts","0000-00-00","97745"
"441","TIF","Tiffany & Co.","reports","Consumer Discretionary","Apparel, Accessories & Luxury Goods","New York, New York","0000-00-00","98246"
"442","TWX","Time Warner Inc.","reports","Consumer Discretionary","Broadcasting & Cable TV","New York, New York","0000-00-00","1105705"
"443","TJX","TJX Companies Inc.","reports","Consumer Discretionary","Apparel Retail","Framingham, Massachusetts","1985-09-30","109198"
"444","TMK","Torchmark Corp.","reports","Financials","Life & Health Insurance","McKinney, Texas","1989-04-30","320335"
"445","TSS","Total System Services","reports","Information Technology","Internet Software & Services","Columbus, Georgia","2008-01-02","721683"
"446","TSCO","Tractor Supply Company","reports","Consumer Discretionary","Specialty Retail","Brentwood, Tennessee","2014-01-24","916365"
"447","TDG","TransDigm Group","reports","Industrials","Aerospace & Defense","Cleveland, Ohio","2016-06-03","1260221"
"448","RIG","Transocean","reports","Energy","Oil & Gas Drilling","Vernier, Switzerland","2013-10-29","1451505"
"449","TRIP","TripAdvisor","reports","Consumer Discretionary","Internet & Direct Marketing Retail","Newton, Massachusetts","2011-12-21","1526520"
"450","FOXA","Twenty-First Century Fox Class A","reports","Consumer Discretionary","Publishing","New York, New York","2013-07-01","1308161"
"451","FOX","Twenty-First Century Fox Class B","reports","Consumer Discretionary","Publishing","New York, New York","2015-09-18","1308161"
"452","TSN","Tyson Foods","reports","Consumer Staples","Packaged Foods & Meats","Springdale, Arkansas","0000-00-00","100493"
"453","USB","U.S. Bancorp","reports","Financials","Banks","Minneapolis, Minnesota","0000-00-00","36104"
"454","UDR","UDR Inc","reports","Real Estate","Residential REITs","Highlands Ranch, Colorado","2016-03-07","74208"
"455","ULTA","Ulta Salon Cosmetics & Fragrance Inc","reports","Consumer Discretionary","Specialty Stores","Bolingbrook, Illinois","2016-04-18","1403568"
"456","UA","Under Armour","reports","Consumer Discretionary","Apparel, Accessories & Luxury Goods","Baltimore, Maryland","2014-05-01","1336917"
"457","UAA","Under Armour","reports","Consumer Discretionary","Apparel, Accessories & Luxury Goods","Baltimore, Maryland","2016-03-25","1336917"
"458","UNP","Union Pacific","reports","Industrials","Railroads","Omaha, Nebraska","0000-00-00","100885"
"459","UAL","United Continental Holdings","reports","Industrials","Airlines","Chicago, Illinois","2015-09-03","100517"
"460","UNH","United Health Group Inc.","reports","Health Care","Managed Health Care","Minnetonka, Minnesota","1994-07-01","731766"
"461","UPS","United Parcel Service","reports","Industrials","Air Freight & Logistics","Atlanta, Georgia","0000-00-00","1090727"
"462","URI","United Rentals, Inc.","reports","Industrials","Trading Companies & Distributors","Stamford, Connecticut","2014-09-20","1067701"
"463","UTX","United Technologies","reports","Industrials","Industrial Conglomerates","Hartford, Connecticut","0000-00-00","101829"
"464","UHS","Universal Health Services, Inc.","reports","Health Care","Health Care Facilities","King of Prussia, Pennsylvania","2014-09-20","352915"
"465","UNM","Unum Group","reports","Financials","Diversified Financial Services","Chattanooga, Tennessee","1994-03-01","5513"
"466","URBN","Urban Outfitters","reports","Consumer Discretionary","Apparel Retail","Philadelphia, Pennsylvania","2010-02-08","912615"
"467","VFC","V.F. Corp.","reports","Consumer Discretionary","Apparel, Accessories & Luxury Goods","Greensboro, North Carolina","1979-06-30","103379"
"468","VLO","Valero Energy","reports","Energy","Oil & Gas Refining & Marketing & Transportation","San Antonio, Texas","0000-00-00","1035002"
"469","VAR","Varian Medical Systems","reports","Health Care","Health Care Equipment","Palo Alto, California","2007-02-12","203527"
"470","VTR","Ventas Inc","reports","Real Estate","REITs","Chicago, Illinois","2009-03-04","740260"
"471","VRSN","Verisign Inc.","reports","Information Technology","Internet Software & Services","Dulles, Virginia","0000-00-00","1014473"
"472","VRSK","Verisk Analytics","reports","Industrials","Research & Consulting Services","Jersey City, New Jersey","2015-10-08","1442145"
"473","VZ","Verizon Communications","reports","Telecommunications Services","Integrated Telecommunications Services","New York, New York","1983-11-30","732712"
"474","VRTX","Vertex Pharmaceuticals Inc","reports","Health Care","Biotechnology","Cambridge, Massachusetts","2013-09-23","875320"
"475","VIAB","Viacom Inc.","reports","Consumer Discretionary","Broadcasting & Cable TV","New York, New York","0000-00-00","1339947"
"476","V","Visa Inc.","reports","Information Technology","Internet Software & Services","San Francisco, California","2009-12-21","1403161"
"477","VNO","Vornado Realty Trust","reports","Real Estate","REITs","New York, New York","0000-00-00","899689"
"478","VMC","Vulcan Materials","reports","Materials","Construction Materials","Birmingham, Alabama","0000-00-00","1396009"
"479","WMT","Wal-Mart Stores","reports","Consumer Staples","Hypermarkets & Super Centers","Bentonville, Arkansas","1982-08-31","104169"
"480","WBA","Walgreens Boots Alliance","reports","Consumer Staples","Drug Retail","Deerfield, Illinois","1979-12-31","1618921"
"481","WM","Waste Management Inc.","reports","Industrials","Environmental Services","Houston, Texas","0000-00-00","823768"
"482","WAT","Waters Corporation","reports","Health Care","Health Care Distributors","Milford, Massachusetts","0000-00-00","1000697"
"483","WEC","Wec Energy Group Inc","reports","Utilities","Electric Utilities","Milwaukee, Wisconsin","2008-10-31","783325"
"484","WFC","Wells Fargo","reports","Financials","Banks","San Francisco, California","1976-06-30","72971"
"485","HCN","Welltower Inc.","reports","Real Estate","REITs","Toledo, Ohio","2009-01-30","766704"
"486","WDC","Western Digital","reports","Information Technology","Computer Storage & Peripherals","Irvine, California","2009-07-01","106040"
"487","WU","Western Union Co","reports","Information Technology","Internet Software & Services","Englewood, Colorado","0000-00-00","1365135"
"488","WRK","WestRock Company","reports","Materials","Paper Packaging","Richmond, Virginia","0000-00-00","1636023"
"489","WY","Weyerhaeuser Corp.","reports","Real Estate","REITs","Federal Way, Washington","0000-00-00","106535"
"490","WHR","Whirlpool Corp.","reports","Consumer Discretionary","Household Appliances","Benton Harbor, Michigan","0000-00-00","106640"
"491","WFM","Whole Foods Market","reports","Consumer Staples","Food Retail","Austin, Texas","0000-00-00","865436"
"492","WMB","Williams Cos.","reports","Energy","Oil & Gas Exploration & Production","Tulsa, Oklahoma","1975-03-31","107263"
"493","WLTW","Willis Towers Watson","reports","Financials","Insurance Brokers","London, United Kingdom","2016-01-05","1140536"
"494","WYN","Wyndham Worldwide","reports","Consumer Discretionary","Hotels, Resorts & Cruise Lines","Parsippany, New Jersey","0000-00-00","1361658"
"495","WYNN","Wynn Resorts Ltd","reports","Consumer Discretionary","Casinos & Gaming","Las Vegas, Nevada","2008-11-14","1174922"
"496","XEL","Xcel Energy Inc","reports","Utilities","MultiUtilities","Minneapolis, Minnesota","0000-00-00","72903"
"497","XRX","Xerox Corp.","reports","Information Technology","IT Consulting & Other Services","Norwalk, Connecticut","0000-00-00","108772"
"498","XLNX","Xilinx Inc","reports","Information Technology","Semiconductors","San Jose, California","0000-00-00","743988"
"499","XL","XL Capital","reports","Financials","Property & Casualty Insurance","Hamilton, Bermuda","0000-00-00","875159"
"500","XYL","Xylem Inc.","reports","Industrials","Industrial Conglomerates","White Plains, New York","2011-11-01","1524472"
"501","YHOO","Yahoo Inc.","reports","Information Technology","Internet Software & Services","Sunnyvale, California","0000-00-00","1011006"
"502","YUM","Yum! Brands Inc","reports","Consumer Discretionary","Restaurants","Louisville, Kentucky","1997-10-06","1041061"
"503","ZBH","Zimmer Biomet Holdings","reports","Health Care","Health Care Equipment","Warsaw, Indiana","0000-00-00","1136869"
"504","ZION","Zions Bancorp","reports","Financials","Regional Banks","Salt Lake City, Utah","0000-00-00","109380"
"505","ZTS","Zoetis","reports","Health Care","Pharmaceuticals","Florham Park, New Jersey","2013-06-21","1555280"
